{
  "accuracy": 0.9937050359712231,
  "precision": 0.9937244005964819,
  "recall": 0.9937050359712231,
  "f1": 0.9937131247995221
}